sku;brand;image;title;description;price;category
80868;rockford-fosgate;https://resources.chainbox.io/3/sec/public/pim/dcd5af20-b922-4c04-97ea-06a20c00dc19/80868_default.jpg;RF RFIT-3 dual twist signalkabel;Rockford Fosgate RFIT-3 / 0,9 m Premium Dual Twist Stereo RCA Cable;219;ICE-RF-mon
80900;rockford-fosgate;https://resources.chainbox.io/3/sec/public/pim/a8ad9b94-a8d8-4efb-b837-3d39ffca9fee/80900_default.jpg;RF RFFANL Inline MAXI/ANL sikringsholder;Rockford Fosgate RFFANL / Platinum plated ANL sikringsholder / Tværsnit 21,1mm²/8,3mm²;329;ICE-RF-mon
80918;rockford-fosgate;https://resources.chainbox.io/3/sec/public/pim/00616444-df6d-4326-91a0-3771dfe78c48/80918_default.png;RF RF-HLC4;Rockford Fosgate RF-HLC4 / 4-Channel High-to-Low Converter / Til at forbinde højttalerkabler til RCA inputs hos Rockford Fosgate Forstærkere / Dimensions: 25,4 x 76,2 x 88,9 mm;329;ICE-RF-mon
81011;rockford-fosgate;https://resources.chainbox.io/3/sec/public/pim/e054c3b5-0065-4cfa-87bf-bf9de0be0b5c/81011_default.png;RF RFBTAUX;Rockford Fosgate RFBTAUX / Universal Bluetooth Cigarstik Audio Adapter / Bluetooth™ streamingmodtager / Tilsluttes 12V stikkontakt (cigaretlighter) / 3,5 mm stereo lydudgang / 5VDC USB-opladningsudgang (USB-kabel medfølger ikke) / Enkel parring med én knap (belyst Diamond-R-logo) / Automatisk forbindelse efter indledende parring / Klasse 2 udgangseffekt / Bluetooth™ V3.0+EDR med 10 m rækkevidde / 1,5 m spolekabel med 3,5 mm lydstik inkluderet / Kompatibel med Apple og Android Bluetooth™-enheder;649;ICE-RF-mon
85118;rockford-fosgate;https://resources.chainbox.io/3/sec/public/pim/deb5dbb3-f1fb-4de2-bfef-7d0794e5d753/85118_default.jpg;RF P400X1;Rockford Fosgate P400X1 / Class-ab Mono Forstærker / 1 x 250/400 Watts/RMS @ 4 /2 Ω / Highpass/Lowpass 50-250 Hz / Punch EQ 0-18 dB Bass Boost (45Hz) / Punch EQ 0-12 dB Treble Boost (12,5kHz) / Dimensions: 197 x 61 x 250 mm;2819;ICE-RF-amp
85161;rockford-fosgate;https://resources.chainbox.io/3/sec/public/pim/ae3c40c8-07b2-453e-9b91-a1e721c58512/85161_default.png;RF P300-12T Punch subbox;P300-12T / 30 cm Sealed Powered Truck Enclosure / Output Power 300 Watts RMS / Dimensions: 38 x 65,6 x 21,5/12,2 cm;3219;ICE-RF-hjt
85216;rockford-fosgate;https://resources.chainbox.io/3/sec/public/pim/7341fc12-0d26-4f2c-82b1-ffd221156c8f/85216_default.png;RF T400X2 AD;Rockford Fosgate T400X2AD / Class-ad 2-Channel Forstærker / 2 x 200 Watts/RMS @ 4/2 Ω / 1 x 400 Watts/RMS @ 4 Ω bridged / Dimensions: 108 x 41 x 178 mm;3539;ICE-RF-amp
86352;rockford-fosgate;https://resources.chainbox.io/3/sec/public/pim/38b0b633-2967-442f-8a51-e27b9eb614e7/86352_default.jpg;"RF P152 coaxial 5"" højttalersæt 2-vejss";Rockford Fosgate P152 / 13 cm (5.25”) Coaxial / 40/80 Watts RMS/MAX. / SPL 87 dB / 70 Hz - 22 kHz / ‡ 48 mm / Ø 122 mm;749;ICE-RF-hjt
86397;rockford-fosgate;https://resources.chainbox.io/3/sec/public/pim/9b80e18e-ac59-4e75-a827-eaabbed88834/86397_default.jpg;RF T1462 Power Full-Range højt.sæt;"Rockford Fosgate T1462 / 4 x 6"" Coaxial / 45/90 Watts RMS/MAX. / SPL 85,5 dB / 75 Hz - 22 kHz / ‡ 50 mm / Ø 92 x 147 mm";969;ICE-RF-hjt
86420;rockford-fosgate;https://resources.chainbox.io/3/sec/public/pim/781db852-d26b-4497-9087-19ffd960773c/86420_default.jpg;RF T152 Power Full-range;Rockford Fosgate T152 / 13 cm (5.25”) Coaxial / 60/120 Watts RMS/MAX. / SPL 86,5 dB / 65 Hz - 22 kHz / ‡ 50 mm / Ø 122 mm;1079;ICE-RF-hjt
86438;rockford-fosgate;https://resources.chainbox.io/3/sec/public/pim/abb8db93-fa2b-4131-9867-5e2430ad3c78/86438_default.png;RF T3652-S;Rockford Fosgate T3652-S / 16,5 cm (6.5”) Component System / 125/250 Watts RMS/MAX. / SPL 87 dB / 48 Hz - 24 kHz / ‡ 71 mm / Ø 144 mm;6969;ICE-RF-hjt
86457;rockford-fosgate;https://resources.chainbox.io/3/sec/public/pim/7d77f5f8-e19e-4547-bfd6-4cd6b2939cf7/86457_default.png;"RF T1652-S Power højt.splitsæt 6.5""";"16,5 cm (6.5"") Component System ";1909;ICE-RF-hjt
86518;rockford-fosgate;https://resources.chainbox.io/3/sec/public/pim/44bdfc39-2e43-49f6-86c6-826a6b247642/86518_default.png;RF T1S-1X10;Rockford Fosgate T1S-1X10 / 25 cm (10”) Sealed Subwoofer System / 500/1000 Watts RMS/MAX. / 1 Ω / 31,8 x 68 x 15,9/10,8 cm;5579;ICE-RF-hjt
86523;rockford-fosgate;https://resources.chainbox.io/3/sec/public/pim/c1398b4d-6743-490e-a5f1-eaf81296a8d5/86522_default.jpg;RF T1S2-12;Rockford Fosgate T1S2-12 / 30 cm (12”) Subwoofer / 600/1200 Watts RMS/MAX. / 2 Ω / SPL 84 dB / ‡ 76,5 mm / Ø 285 mm;4929;ICE-RF-hjt
86542;rockford-fosgate;https://resources.chainbox.io/3/sec/public/pim/104a83c1-3e35-4c82-8b60-1dc40f15efdd/86541_default.jpg;"RF P3SD4-8 subwoofer DVC 8""";Rockford Fosgate P3SD4-8 / 20 cm (8”) Subwoofer / 150/300 Watts RMS/MAX. / 4 + 4 Ω / SPL 82 dB / ‡ 68 mm / Ø 181 mm;1499;ICE-RF-hjt
86582;rockford-fosgate;https://resources.chainbox.io/3/sec/public/pim/961a099d-47f3-4e0a-8a44-ba1c3ad1958d/p1s4-15-overhead-3qtr-(1)_default.jpg;RF P1S4-15 (4 ohms);Rockford Fosgate P1S4-15 / 38 cm (15”) Subwoofer / 250/500 Watts RMS/MAX. / 4 Ω / SPL 87,5 dB / ‡ 177 mm / Ø 353 mm;1399;ICE-RF-hjt
86588;rockford-fosgate;https://resources.chainbox.io/3/sec/public/pim/23bf6b5d-5c0a-4001-842f-a65507db1974/86587_default.png;"RF P2D2-8 Dual voice coil 8"" woofer";Rockford Fosgate P2D2-8 / 20 cm (8”) Subwoofer / 250/500 Watts RMS/MAX. / 2 + 2 Ω / SPL 83 dB / ‡ 121 mm / Ø 181 mm;1079;ICE-RF-hjt
86590;rockford-fosgate;https://resources.chainbox.io/3/sec/public/pim/7fe9626c-ebd8-4159-85ff-9778472bbab3/86590_default.jpg;RF P2D2-10 DVC woofer 2 ohm;Rockford Fosgate P2D2-10 / 25 cm (10”) Subwoofer / 300/600 Watts RMS/MAX. / 2 + 2 Ω / SPL 83 dB / ‡ 121 mm / Ø 181 mm;1289;ICE-RF-hjt
86738-3;rockford-fosgate;https://resources.chainbox.io/3/sec/public/pim/ac98fe24-3eb1-41a2-8e77-718912d446d3/hd14cvo-stage3_1_default.jpg;RF HD14CVO-STAGE3;"Rockford Fosgate HD14CVO-STAGE3 / Power lydpakke for Harley-Davidson® CVO® Street Glide® 2014+ / Samlet udgangseffekt 400 Watt RMS / Ingen boring eller skæring påkrævet / Inkluderer lavere fairing-højttalere (kun ikke-vandkølede) / Sættet boltes til fabriksfastgørelsespunkter / Direkte ledningsnet til Harley-Davidson®-modeller / T-sele integration understøtter front/bag fader kontrol / TM400X4ad Class-ad 4-kanals forstærker / TMS65 16,5 cm (6,5"") højtalere / TMS57 13 x 18 cm (5 x7"") Baglid-højttalere / RFK-HD14 forstærker ledningssæt";17579;ICE-RF-øvr
86817;rockford-fosgate;https://resources.chainbox.io/3/sec/public/pim/06017013-96a3-48f7-828b-87aa975bf50a/86817_default.jpg;RF RFK-HD14;Rockford Fosgate RFK-HD14 / Installations kit til TM400X4ad forstærker til Harley Davidson (2014+) / FULD spec-kabel - opfylder eller overgår AWG-kravene / 100 % rent krystal-iltfrit kobber (PC-OFC) / Plug and Play-design for nem installation / Designet til brug med udvalgte 2014+ Harley-Davidson® / Designet til brug med Power Marine TM400X4ad forstærker / Inkl. monteringsbeslag til Bat Wing og Shark Nose fairings / T-sele integration understøtter front/bag fader kontrol / Inkl. amp output Y-adaptere / Inkl. Boom!™ Audio bypass-stik til fabrikssystemer / Inkl. loop-thru-sele til valgfri DSR1-signalprocessor / Se kompatibilitetsliste hos producenten;2579;ICE-RF-øvr
86836;rockford-fosgate;https://resources.chainbox.io/3/sec/public/pim/cf283641-f279-4bfb-b6e3-5ed399dac251/86836_default.jpg;RF P3-2X12 subkasse m/2x12 st. 3 woofere;Rockford Fosgate P3-2X12 / 2 x 30 cm (12”) Ported Subwoofer System / 1200/2400 Watts RMS/MAX. / 1 Ω / 38,4 x 86 x 40 cm;6539;ICE-RF-hjt
86876;rockford-fosgate;https://resources.chainbox.io/3/sec/public/pim/4668f38c-51d7-4f35-bc44-bd9d9cb313db/86876_default.jpg;"RF P2P3G-10 alu-gitter i RF design 10""";"Rockford Fosgate P2P3G-10 / 10"" Gitter til P2D4-10 ogP2D2-10 Subwoofers";329;ICE-RF-div
86911;rockford-fosgate;https://resources.chainbox.io/3/sec/public/pim/69938f52-43d7-4764-8084-c94ab168a011/86911_default.jpg;RF POP-186-L t-shirt;;139;ICE-RF-div
87052;rockford-fosgate;https://resources.chainbox.io/3/sec/public/pim/b486a41f-4edc-44c9-9c1f-652b694a4157/87052_default.jpg;"RF R152-S Prime Component sæt 5""";Rockford Fosgate R152-S / 13 cm (5.25”) Component System / 40/80 Watts RMS/MAX. / SPL 85 dB / 58 Hz - 20 kHz, / ‡ 48 mm / Ø 121 mm;749;ICE-RF-hjt
87057;rockford-fosgate;https://resources.chainbox.io/3/sec/public/pim/ba1766b9-7c5b-4f11-8e55-cb21953cc687/87057_default.png;RF R168X2;15 x 20 cm (6 x 8er) Coaxial ;649;ICE-RF-hjt
87070;rockford-fosgate;https://resources.chainbox.io/3/sec/public/pim/cc12d7ad-8651-43a8-ac7e-657a14805527/87070_default.jpg;"RF R2SD2-10"" Prime R2 Shallow subwoofer";"25 cm (10"") Shallow Subwoofer";969;ICE-RF-hjt
87100;rockford-fosgate;https://resources.chainbox.io/3/sec/public/pim/c4b64c81-5870-4746-a065-eeff8da45240/87100_default.jpg;"RF R2S-1X10 Prime subkasse 10""";Rockford Fosgate R2S-1X10 / 25 cm (10”) Sealed Subwoofer System / 200/400 Watts RMS/MAX. / 2 Ω / 34,3 x 48,3 x 13,5 / 8,4 cm;1499;ICE-RF-hjt
80855;rockford-fosgate;https://resources.chainbox.io/3/sec/public/pim/6a9e77a2-8954-4f57-9c42-2eb7c382cf40/80855_default.png;RF RFIT-20 dual twist signalkabel;Rockford Fosgate RFIT-20 / 6,0 m Premium Dual Twist Stereo RCA Cable;219;ICE-RF-mon
80869;rockford-fosgate;https://resources.chainbox.io/3/sec/public/pim/6a9e77a2-8954-4f57-9c42-2eb7c382cf40/80855_default.png;RF RFIT-10;Rockford Fosgate RFIT-10 / 3,0 m Premium Dual Twist Stereo RCA Cable;219;ICE-RF-mon
80876;rockford-fosgate;https://resources.chainbox.io/3/sec/public/pim/6e67e3e8-14c6-49b0-bad5-96785ffcb62e/80876_default.png;RF RFI-10;Rockford Fosgate RFI-10 / 3,0 m Twisted Stereo RCA Cable;109;ICE-RF-mon
80882;rockford-fosgate;https://resources.chainbox.io/3/sec/public/pim/54cdecc8-8f52-46e9-9251-a8037a42a95e/80882_default.png;RF RFIV-3 videokabel 1 mtr.;Rockford Fosgate RFIV-3 / 0,9 m Premium Dual Twist Video RCA Cable;109;ICE-RF-mon
80898;rockford-fosgate;https://resources.chainbox.io/3/sec/public/pim/79fe26a3-f83a-419c-9798-fe5ecb73dfae/80898_default.png;RF RFITY-1F splitkabel (1-F til 2-M);Rockford Fosgate RFITY-1F / Premium Dual Twist RCA Y-Adapter 1F/2M;109;ICE-RF-mon
80964;rockford-fosgate;https://resources.chainbox.io/3/sec/public/pim/6cc2b9ab-4c89-46d0-ba1c-a77fe4453428/80964_default.jpg;RF RFFA200 sikringer (2 stk.) ANL 200amp;Rockford Fosgate RFFA200 / Platinum plated 200 A ANL sikring / 2 stk.;109;ICE-RF-mon
80998;rockford-fosgate;https://resources.chainbox.io/3/sec/public/pim/96f69824-2d16-47e0-8720-63418fd61539/80998_default.png;RF RFK8X  8 AWG;Rockford Fosgate RFK8X / 8 AWG Complete Installation Kit / 100% Pure Crystal-Oxygen Free Copper / 1 x 8,3 mm² Power Wire (red), 5,2 m / 1 x 8,3 mm² Ground Wire (transparent silver), 0,9 m / 1 x 6,1 m RCA Cablel / 1 x 9,1 m Speaker Wire / 1 x 40A AGU sikring inkl. sikringsholder / 1 x Remote Wire (blue), 6,1 m;749;ICE-RF-mon
80999;rockford-fosgate;https://resources.chainbox.io/3/sec/public/pim/c38a90eb-d8e3-4e15-a433-d84aaa9b6382/80999_default.png;RF RFK4X kabelkit;Rockford Fosgate RFK4X / 4 AWG Complete Installation Kit / 100% Pure Crystal-Oxygen Free Copper / 1 x 21,1 mm² Power Wire (red), 5,2 m / 1 x 21,1 mm² Ground Wire (transparent silver), 0,9 m  1 x 6,1 m RCA Cablel / 1 x 9,1 m Speaker Wire / 1 x 60A ANL sikring inkl. sikringsholder / 1 x Remote Wire (blue), 6,1 m;1079;ICE-RF-mon
81006;rockford-fosgate;https://resources.chainbox.io/3/sec/public/pim/8d7bc5d7-12b9-47a4-a39a-e7293ad939bc/81006_default.png;RF RFK20;Rockford Fosgate RFK20 / 20 mm2 Forstærker Eco Installation Kit / 1 x 20 mm² Power Wire (red), 5 m / 1 x 20 mm² Ground Wire (silvergrey), 0.8 m / 1 x 5 m double shielded RCA Cable (black) / 1 x 0,5 mm² Remote Wire 5 m / 1 x AFS Acrylic sikringsholder med 60A Mini ANL sikring / Installationstilbehør;429;ICE-RF-mon
81010;rockford-fosgate;https://resources.chainbox.io/3/sec/public/pim/8e63e37b-5479-4581-b72a-85c9f4af586c/81010_default.jpg;RF RFK1 kabelkit;Rockford Fosgate RFK1 / 10 mm2 Forstærker Eco Installation Kit / 1 x 10 mm² Power Wire (red), 5 m / 1 x 10 mm² Ground Wire (silvergrey), 0.8 m / 1 x 5 m double shielded RCA Cable (black) / 1 x 0,5 mm² Remote Wire 5 m / 1 x AFS Acrylic sikringsholder med 40A Mini ANL sikring / Installationstilbehør;2359;ICE-RF-mon
81205;rockford-fosgate;https://resources.chainbox.io/3/sec/public/pim/879aeae2-57ea-4cbc-990c-2ed116341259/81205_default.png;RF RFCB100;Rockford Fosgate RFCB100 / 140 A Circuit Breaker / Til kabler med tværsnit på 53.5 mm² eller 21.1 mm²;429;ICE-RF-mon
81206;rockford-fosgate;https://resources.chainbox.io/3/sec/public/pim/879aeae2-57ea-4cbc-990c-2ed116341259/81205_default.png;RF RFCB140;Rockford Fosgate RFCB140 / 140 A Circuit Breaker / Til kabler med tværsnit på 53.5 mm² eller 21.1 mm²;429;ICE-RF-mon
85120;rockford-fosgate;https://resources.chainbox.io/3/sec/public/pim/1d99d484-6dbd-45a4-a381-ac5b1b34bf52/85120_default.png;RF P400X4 Punch 4-kanals forstærker;Rockford Fosgate P400X4 / Class-ab 4-Channel Forstærker / 4 x 50/100 Watts/RMS @ 4/2 Ω / 2 x 200 Watts/RMS @ 4 Ω bridged / Dimensions: 197 x 61 x 280 mm;3539;ICE-RF-amp
85162;rockford-fosgate;https://resources.chainbox.io/3/sec/public/pim/6f6cfea9-c57c-4fe7-b71a-9a0575578818/85162_default.png;RF P600x4;Rockford Fosgate P600x4 / Class-ab 4-Channel Forstærker / 4 x 75/150 Watts/RMS @ 4/2 Ω / 2 x 300 Watts/RMS @ 4 Ω bridged / Dimensions: 197 x 61 x 337 mm;4609;ICE-RF-amp
85205;rockford-fosgate;https://resources.chainbox.io/3/sec/public/pim/7450ebee-d8fa-4777-8908-21913f82bf58/85205_default.jpg;RF PBR300X1 Punch BRT forstærker;Rockford Fosgate PBR300X1 / Class-brt Mono Forstærker / 1 x 75/150/300 Watts/RMS @ 4/2/1 Ω / Low-Pass 35Hz-250Hz @ 12dB/oct / Infrasonic 12dB/oct, -3dB @ 28Hz / Frequency Response 20Hz-250Hz +/-3db / Dimensions: 108 x 39 x 172 mm;2249;ICE-RF-amp
85217;rockford-fosgate;https://resources.chainbox.io/3/sec/public/pim/6c5bd689-b0d6-479c-b802-d20f723ac8d0/85217_default.png;RF T400X4 AD;Rockford Fosgate T400X4AD / Class-ad 4-Channel Forstærker / 4 x 100/100 Watts/RMS @ 4/2 Ω / 2 x 200 Watts/RMS @ 4 Ω bridged / Dimensions: 108 x 41 x 211 mm;4289;ICE-RF-amp
85301;rockford-fosgate;https://resources.chainbox.io/3/sec/public/pim/04380003-4ed9-4d4f-8176-99dbf564ac91/85301_default.png;RF T500-1BDCP;Rockford Fosgate T500-1BDCP / Class-bdCP Mono Forstærker / 1 x 300 Watts/RMS @ 4 Ω / 1 x 500 Watts/RMS @ 2 Ω / 1 x 500 Watts/RMS @ 1 Ω / Dimensions: 207 x 54 x 290 mm;5039;ICE-RF-amp
85335;rockford-fosgate;https://resources.chainbox.io/3/sec/public/pim/0ce9df64-91f5-4626-93ab-2396edee5245/85335_default.png;RF T1000-1BDCP Power forstærker;Rockford Fosgate T1000-1BDCP / Class-bdCP Mono Forstærker / 1 x 700 Watts/RMS @ 4 Ω / 1 x 1000 Watts/RMS @ 2 Ω / 1 x 1000 Watts/RMS @ 1 Ω / Dimensions: 207 x 54 x 347 mm;6219;ICE-RF-amp
85390;rockford-fosgate;https://resources.chainbox.io/3/sec/public/pim/9259910e-3220-4e75-81fe-a4d9af7099de/85390_default.png;RF T600-4 Power forstærker;Rockford Fosgate T600-4 / Class-ab 4-Channel Forstærker / 4 x 100/150 Watts/RMS @ 4/2 Ω / 2 x 300 Watts/RMS @ 4 Ω bridged / Dimensions: 207 x 54 x 379 mm;5469;ICE-RF-amp
86116;rockford-fosgate;https://resources.chainbox.io/3/sec/public/pim/023e2f5f-3f5d-48ce-87d3-78bdb1d4cdbd/86116_default.png;RF P165-SE;Rockford Fosgate P165-SE / 16,5 cm (6.5”) Component System / External Crossovers / 60/120 Watts RMS/MAX./  SPL 88 dB / 43 Hz - 20 kHz / ‡ 57 mm / Ø 141 mm;1399;ICE-RF-hjt
86120;rockford-fosgate;https://resources.chainbox.io/3/sec/public/pim/0410087d-e26d-46c0-b235-5eae84698864/86120_default.jpg;RF P152-S Punch højt. split-sæt;Rockford Fosgate P152-S / 13 cm (5.25”) Component System / 50/100 Watts RMS/MAX. / SPL 87 dB / 70 Hz - 22 kHz / ‡ 47 mm / Ø 122 mm;1289;ICE-RF-hjt
86348;rockford-fosgate;https://resources.chainbox.io/3/sec/public/pim/41570e10-1dca-4d29-acfe-7088f89baffb/86348_default.jpg;"RF P132 coaxial 3"" højttalersæt 2-vejs";Rockford Fosgate P132 / 8,8 cm (3”) Coaxial / 20/40 Watts RMS/MAX. / SPL 85 dB / 120 Hz - 22 kHz / ‡ 35 mm / Ø 81 mm;539;ICE-RF-hjt
86358;rockford-fosgate;https://resources.chainbox.io/3/sec/public/pim/b172477c-1b3c-426b-9489-0d683efee007/86358_default.png;RF P1683;"Rockford Fosgate P1683 / 6 x 8"" Triaxial / 65/130 Watts RMS/MAX. / SPL 90 dB / 65 Hz - 24 kHz / ‡ 58 mm / Ø 130 x 189 mm";859;ICE-RF-hjt
86395;rockford-fosgate;https://resources.chainbox.io/3/sec/public/pim/bed109ea-9674-49b6-89e1-fb997004d988/86395_default.jpg;RF T142 Power Full-Range højt.sæt;Rockford Fosgate T142 / 10 cm (4”) Coaxial / 40/80 Watts RMS/MAX. / SPL 86 dB / 85 Hz - 22 kHz / ‡ 45 mm / Ø 103 mm;749;ICE-RF-hjt
86437;rockford-fosgate;https://resources.chainbox.io/3/sec/public/pim/be4bd37f-a694-49fb-be21-2ae9ec35a3e7/86437_default.png;RF T4652-S;Rockford Fosgate T4652-S / 16,5 cm (6.5”) Component System / 150/300 Watts RMS/MAX. / SPL 89 dB / 40 Hz - 30 kHz / ‡ 71 mm / Ø 144 mm;8149;ICE-RF-hjt
86456;rockford-fosgate;https://resources.chainbox.io/3/sec/public/pim/41772980-72c7-4cfc-88fd-9db25cdf0fdf/86456_default.png;RF T1S652;Rockford Fosgate T1S652 SLIM / 16,5 cm (6.5”) Coaxial / 70/140 Watts RMS/MAX. / SPL 87,5 dB / 65 Hz - 22 kHz / ‡ 49 mm / Ø 128 mm;1179;ICE-RF-hjt
86460;rockford-fosgate;https://resources.chainbox.io/3/sec/public/pim/9f3984b4-7fba-461b-9c31-02d6e095cc61/86460_default.png;RF P1692;"Rockford Fosgate P1692 / 6 x 9"" Coaxial / 75/150 Watts RMS/MAX. / SPL 91 dB / 60 Hz - 22 kHz / ‡ 78 mm / Ø 152 x 229 mm";1079;ICE-RF-hjt
86511;rockford-fosgate;https://resources.chainbox.io/3/sec/public/pim/82ecdea8-e7de-4583-b885-0600248ff3cb/86511_default.jpg;RF T1D212;Rockford Fosgate T1D212 / 30 cm (12”) Subwoofer / 800/1600 Watts RMS/MAX. / 2 + 2 Ω / SPL 86 dB / ‡ 171 mm / Ø 286 mm;4399;ICE-RF-hjt
86515;rockford-fosgate;https://resources.chainbox.io/3/sec/public/pim/82ecdea8-e7de-4583-b885-0600248ff3cb/86511_default.jpg;"RF T1D412 Power DVC woofer 12""";Rockford Fosgate T1D412 / 30 cm (12”) Subwoofer / 800/1600 Watts RMS/MAX. / 4 + 4 Ω / SPL 86 dB / ‡ 171 mm / Ø 286 mm;4399;ICE-RF-hjt
86522;rockford-fosgate;https://resources.chainbox.io/3/sec/public/pim/c1398b4d-6743-490e-a5f1-eaf81296a8d5/86522_default.jpg;RF T1S1-12;Rockford Fosgate T1S1-12 / 30 cm (12”) Subwoofer / 600/1200 Watts RMS/MAX. / 1 Ω / SPL 84 dB / ‡ 76,5 mm / Ø 285 mm;4929;ICE-RF-hjt
86541;rockford-fosgate;https://resources.chainbox.io/3/sec/public/pim/104a83c1-3e35-4c82-8b60-1dc40f15efdd/86541_default.jpg;RF P3SD2-8;Rockford Fosgate P3SD2-8 / 20 cm (8”) Subwoofer / 150/300 Watts RMS/MAX. / 2 + 2 Ω / SPL 82 dB / ‡ 68 mm / Ø 181 mm;1499;ICE-RF-hjt
86580;rockford-fosgate;https://resources.chainbox.io/3/sec/public/pim/1846b244-1f05-403f-b7ca-58a01cdde9f6/86580_default.jpg;RF P1S4-10;Rockford Fosgate P1S4-10 / 25 cm (10”) Subwoofer / 250/500 Watts RMS/MAX. / 4 Ω / SPL 85 dB / ‡ 135 mm / Ø 235 mm;969;ICE-RF-hjt
86595;rockford-fosgate;https://resources.chainbox.io/3/sec/public/pim/58fe7c83-ee0a-45c3-a4f8-3d07fad8b6ba/86595_default.jpg;RF P2D4-10 DVC woofer 4 ohm;Rockford Fosgate P2D4-10 / 25 cm (10”) Subwoofer / 300/600 Watts RMS/MAX. / 4 + 4 Ω / SPL 83 dB / ‡ 121 mm / Ø 181 mm;1289;ICE-RF-hjt
86697;rockford-fosgate;https://resources.chainbox.io/3/sec/public/pim/3a703c35-8663-429a-aa28-6f051f7eac37/86697_default.jpg;RF T2S1-16;"40 cm (16"") Subwoofer";13929;ICE-RF-hjt
86698;rockford-fosgate;https://resources.chainbox.io/3/sec/public/pim/3a703c35-8663-429a-aa28-6f051f7eac37/86697_default.jpg;RF T2S2-16;"40 cm (16"") Subwoofer";13929;ICE-RF-hjt
86828;rockford-fosgate;https://resources.chainbox.io/3/sec/public/pim/72ecb9be-5b4f-45c0-9c1a-8bd5507b8bbf/86828_default.jpg;"RF P3S-1X8 ""shallow"" 8"" baskasse";Rockford Fosgate P3S-1X8 / 20 cm (8”) Sealed Subwoofer System / 150/300 Watts RMS/MAX. / 1 Ω / 29,3 x 40,7 x 13,5 / 8,4 cm;1929;ICE-RF-hjt
86830;rockford-fosgate;https://resources.chainbox.io/3/sec/public/pim/d3b39fca-5aa5-49fd-8355-894e2c6c0488/86830_default.jpg;"RF P3S-1X10/P3L-S10 ""shallow"" baskasse";Rockford Fosgate P3S-1X10 / 25 cm (10”) Sealed Subwoofer System / 300/600 Watts RMS/MAX. / 1 Ω / 34,3 x 48,3 x 13,5 / 8,4 cm;2249;ICE-RF-hjt
86921;rockford-fosgate;https://resources.chainbox.io/3/sec/public/pim/b9f1994a-0a66-4dde-a1e6-6fa4ebf33d77/86921_default.jpg;RF POP-SKULL-L t-shirt;;0;ICE-RF-div
87041;rockford-fosgate;https://resources.chainbox.io/3/sec/public/pim/2d9333d7-5306-4ac3-bba8-e01b9988f0ab/r14x2_group_default.jpg;RF R14X2;"Rockford Fosgate R14X2 / 10 cm (4"") Coaxial / 30/60 Watts RMS/MAX. / SPL 85 dB / 100 Hz - 20 kHz / ‡ 44 mm / Ø 92 mm";539;ICE-RF-hjt
87054;rockford-fosgate;https://resources.chainbox.io/3/sec/public/pim/55d91970-79b5-4b26-830f-c68c4ba46e10/r165-s-group418x232_default.jpg;RF R165-S;16 cm (6”) Component System;749;ICE-RF-hjt
87058;rockford-fosgate;https://resources.chainbox.io/3/sec/public/pim/a1aa93eb-006e-4c56-8f08-5004df6596ef/87058_default.png;RF R169X2;15 x 23 cm (6 x 9er) Coaxial;749;ICE-RF-hjt
87059;rockford-fosgate;https://resources.chainbox.io/3/sec/public/pim/2e3769b5-e886-40d4-977c-fe0294236333/87059_default.png;RF R169X3;15 x 23 cm (6 x 9er) Triaxial;749;ICE-RF-hjt
87072;rockford-fosgate;https://resources.chainbox.io/3/sec/public/pim/69ca1b17-323a-4bca-baf5-c1656dfb5232/87072_default.png;"RF R2SD4-10"" Prime R2 Shallow subwoofer";"25 cm (10"") Shallow Subwoofer";969;ICE-RF-hjt
87075;rockford-fosgate;https://resources.chainbox.io/3/sec/public/pim/7a977396-2526-4f6f-87cc-7f2070ab089f/87075_default.jpg;"RF R2SD2-12"" Prime R2 Shallow subwoofer";"30 cm (12"") Shallow Subwoofer";1079;ICE-RF-hjt
87078;rockford-fosgate;https://resources.chainbox.io/3/sec/public/pim/345ca495-6971-4801-a968-af51ee210ff0/87078_default.jpg;"RF R2D2-12 Prime R2 12"" subwoofer 2 ohm";"30 cm (12"") Subwoofer";859;ICE-RF-hjt
87096;rockford-fosgate;https://resources.chainbox.io/3/sec/public/pim/1d9c1d61-9e7e-44bb-a1f3-0712d70fbc36/87096_default.png;RF R1S4-10 Prime;25 cm Subwoofer;629;ICE-RF-hjt
87097;rockford-fosgate;https://resources.chainbox.io/3/sec/public/pim/9c79bd03-f491-40ed-9c66-997f0798a9f8/87097_default.png;RF R1S4-12 Prime;30 cm Subwoofer ;649;ICE-RF-hjt
87115;rockford-fosgate;https://resources.chainbox.io/3/sec/public/pim/ebd2d5fb-abfe-4fea-84a7-bf38d48dc65c/87115_default.jpg;RF R2-200x2 Prime 2CH amp;Rockford Fosgate R2-200X2 / Class D 2-Channel Forstærker / 2 x 50/100 Watts/RMS @ 4/2 Ω / 1 x 200 Watts/RMS @ 4 Ω bridged / Highpass/Lowpass 50-250 Hz / Dimensions: 205 x 173 x 49 mm;1929;ICE-RF-amp
87119;rockford-fosgate;https://resources.chainbox.io/3/sec/public/pim/d839d100-39a4-4840-9094-89bf604d59c8/87119_default.jpg;RF R2-250x1 Prime 1CH amp;Rockford Fosgate R2-250X1 / Class D Mono Forstærker / 1 x 160/250 Watts/RMS @ 4/2 Ω / Lowpass 50-250 Hz, Infrasonic 15-40 Hz / Dimensions: 205 x 173 x 49 mm;1929;ICE-RF-amp
87121;rockford-fosgate;https://resources.chainbox.io/3/sec/public/pim/bcbb3f16-f312-41c9-9d69-19e80adc7b89/87121_default.jpg;RF R2-750x1 Prime 1CH amp;Rockford Fosgate R2-750X1 / Class D Mono Forstærker / 1 x 250/500/750 Watts/RMS @ 4/2/1 Ω / Lowpass 50-250 Hz, Infrasonic 15-40 Hz / Dimensions: 255 x 173 x 49 mm;2999;ICE-RF-amp
80877;rockford-fosgate;https://resources.chainbox.io/3/sec/public/pim/6e67e3e8-14c6-49b0-bad5-96785ffcb62e/80876_default.png;RF RFI-20;Rockford Fosgate RFI-20 / 6,0 m Twisted Stereo RCA Cable;109;ICE-RF-mon
80896;rockford-fosgate;https://resources.chainbox.io/3/sec/public/pim/8ba7abd9-bbec-4f02-8ad8-424beddfdcb2/80896_default.jpg;RF RFIY-1F splitkabel (1-F til 2-M);Rockford Fosgate RFIY-1F / Twisted RCA Y-Adapter 1F/2M;109;ICE-RF-mon
80905;rockford-fosgate;https://resources.chainbox.io/3/sec/public/pim/7a93fc57-52ff-4243-a7e1-96ef74d9db81/80905_default.jpg;RF RFFDAGU sikringsholder 2 AGU;Rockford Fosgate RFFDAGU / Platinum plated AGU sikringsholder / Tværsnit 21,1mm²/8,3mm²;329;ICE-RF-mon
80908;rockford-fosgate;https://resources.chainbox.io/3/sec/public/pim/362fcc49-0bf9-45b7-82c5-34dbb912f665/80908_default.png;RF RFFAGU fordelerblok, 1ind/3 ud (AGU);Rockford Fosgate RFFAGU / Platinum plated AGU sikringsholder/forderlerblok / Tværsnit 21,1mm²/8,3mm²;109;ICE-RF-mon
85160;rockford-fosgate;https://resources.chainbox.io/3/sec/public/pim/0148a507-8533-4f06-8af3-886141589b69/85160_default.png;RF P500X2 Punch 2-kanals forstærker;Rockford Fosgate P500X2 / Class-ab 2-Channel Forstærker / 2 x 150/250 Watts/RMS @ 4 / 2 Ω / 1 x 500 Watts/RMS @ 4 Ω bridged / Dimensions: 197 x 61 x 337 mm;3539;ICE-RF-amp
85163;rockford-fosgate;https://resources.chainbox.io/3/sec/public/pim/b6d6100f-cd0a-4bed-93f1-5dcace85b75c/85163_default.png;RF P300-10T Punch subbox;Rockford Fosgate P300-10T / 25 cm Sealed Powered Truck Enclosure / Output Power 300 Watts RMS / Dimensions: 33,8 x 55,2 x 20/12,2 cm;2899;ICE-RF-hjt
85180;rockford-fosgate;https://resources.chainbox.io/3/sec/public/pim/8ce6fe36-1b12-4e9c-86a7-b6041c0a0f42/85180_default.png;RF T2500-1BDCP;Rockford Fosgate T2500-1BDCP / Class-bdCP Mono Forstærker / 1 x 1500 Watts/RMS @ 4 Ω / 1 x 2500 Watts/RMS @ 2 Ω / 1 x 2500 Watts/RMS @ 1 Ω / 0°/180° Phase Switch  LED Dual-Signal VU Meters / Dimensions: 207 x 54 x 556 mm;12109;ICE-RF-amp
85190;rockford-fosgate;https://resources.chainbox.io/3/sec/public/pim/3e3d93f0-fa1d-4d78-b1c6-7a807bd732d6/85190_default.png;RF P500x1bd Punch mono-forstærker;Rockford Fosgate P500X1BD / Class-bd Mono Forstærker / 1 x 150 /300/500 Watts/RMS @ 4 /2/1 Ω / Highpass/Lowpass 50-250 Hz / Punch EQ 0-18 dB Bass Boost (45Hz) / Dimensions: 197 x 61 x 280 mm;3539;ICE-RF-amp
85207;rockford-fosgate;https://resources.chainbox.io/3/sec/public/pim/0c60c928-ae79-42f7-97c1-55b6c41dc26f/85200_default.jpg;RF PBR400X4D Punch BRT forstærker;Rockford Fosgate PBR400X4D / Class-d 4-Channel Forstærker / 4 x 50/100 Watts/RMS @ 4/2 Ω / Low-Pass/High-Pass 60 or 80Hz @ 12dB/oct / Frequency Response 20Hz-20kHz +/-1db / Dimensions: 108 x 39 x 172 mm;2789;ICE-RF-amp
85307;rockford-fosgate;https://resources.chainbox.io/3/sec/public/pim/0eb64381-1e7f-49e9-b37f-75fce6d32714/85307_default.png;RF P1000X5;Rockford Fosgate P1000X5 / Class-ab & bd 5-Channel Forstærker / Class-ab 4 x 75/125 Watts/RMS @ 4/2 Ω / Class-bd 1 x 200/400/500 Watts @ 4/2/1 Ω / HP/LP 50-250 Hz / CH5: LP 50-250 Hz, 28 Hz Infrasonic Filter / Dimensions: 197 x 61 x 382 mm;6429;ICE-RF-amp
85310;rockford-fosgate;https://resources.chainbox.io/3/sec/public/pim/ce82f00f-f1ed-4f78-9dd7-019b440deba3/85310_default.png;RF P1000X2;Rockford Fosgate P1000X2 / Class-ab 2-Channel Forstærker / 2 x 300/500 Watts/RMS @ 4/2 Ω / 1 x 1000 Watts/RMS @ 4 Ω bridged / Dimensions: 197 x 61 x 382 mm;5149;ICE-RF-amp
85324;rockford-fosgate;https://resources.chainbox.io/3/sec/public/pim/c172c053-13ac-476f-97a9-9cb4177acfba/85324_default.png;RF PLC2;Rockford Fosgate PLC2 / Remote Punch Level Control / Fjernstyret kablet niveaukontrol / Fungerer sammen med indbygget forstærkningskontrol / Dobbeltfunktions LED (strøm/klipper) / Styrer niveauet, når delefilteret er indstillet til LP (Low-Pass) / Styrer niveauet på bagudgangene på 4-kanals forstærkere / Monteres bekvemt under instrumentbrættet, inde i midterkonsollen eller handskerum / Inkluderer basknop, kabel, monteringsclips, monteringsskruer;329;ICE-RF-amp
85375;rockford-fosgate;https://resources.chainbox.io/3/sec/public/pim/1ca4f076-ddb3-43ea-8984-2e3bcf22a6f4/85375_default.png;RF T1500-1BDCP Power forstærker;Rockford Fosgate T1500-1BDCP / Class-bdCP Mono Forstærker / 1 x 1000 Watts/RMS @ 4 Ω / 1 x 1500 Watts/RMS @ 2 Ω / 1 x 1500 Watts/RMS @ 1 Ω / Dimensions: 207 x 54 x 379 mm;6539;ICE-RF-amp
86356;rockford-fosgate;https://resources.chainbox.io/3/sec/public/pim/5fae870c-c5f0-4840-b23a-5fea72ae6d9a/86356_default.png;RF P1572;Rockford Fosgate P1572 / 5 x 7er Coaxial / 60/120 Watts RMS/MAX. / SPL 89 dB / 75 Hz - 22 kHz / ‡ 56 mm / Ø 127 x 178 mm;749;ICE-RF-hjt
86362;rockford-fosgate;https://resources.chainbox.io/3/sec/public/pim/1277a41c-9574-44d5-8a10-5d905990a20b/86362_default.png;"RF P1462 coaxial 4x6"" højt.sæt";"Rockford Fosgate P1462 / 4 x 6"" Coaxial / 35/70 Watts RMS/MAX. / SPL 90 dB / 90 Hz - 22 kHz / ‡ 46 mm / Ø 92 x 147 mm";649;ICE-RF-hjt
86399;rockford-fosgate;https://resources.chainbox.io/3/sec/public/pim/052a7463-6098-4729-a2c8-9c79088a8981/86399_default.jpg;RF T1572 Power Full-Range højt.sæt;"Rockford Fosgate T1572 / 5 x 7"" Coaxial / 70/140 Watts RMS/MAX. / SPL 87 dB  60 Hz - 22 kHz / ‡ 59 mm / Ø 127 x 178 mm";1179;ICE-RF-hjt
86458;rockford-fosgate;https://resources.chainbox.io/3/sec/public/pim/c45a7f5f-80ef-4128-b6a7-0acd196dc01a/86458_default.png;RF T1650-S;Rockford Fosgate T1650-S EURO FIT / 16,5 cm (6.5”) Component System / 80/160 Watts RMS/MAX. / SPL 88 dB / 47 Hz - 22 kHz / ‡ 64 mm / Ø 142 mm;2149;ICE-RF-hjt
86512;rockford-fosgate;https://resources.chainbox.io/3/sec/public/pim/90e89c57-6f67-497d-a727-662b80283e0f/86512_default.png;RF T1D215;Rockford Fosgate T1D215 / 38 cm (15”) Subwoofer / 1000/2000 Watts RMS/MAX. / 2 + 2 Ω / SPL 88 dB / ‡ 213 mm / Ø 354 mm;6429;ICE-RF-hjt
86517;rockford-fosgate;https://resources.chainbox.io/3/sec/public/pim/44e86000-4108-4b99-b719-4975197e497a/86517_default.png;RF T1S-1X12;Rockford Fosgate T1S-1X12 / 30 cm (12”) Sealed Subwoofer System / 600/1200 Watts RMS/MAX. / 1 Ω / 37 x 80 x 15,9/10,7 cm;5899;ICE-RF-hjt
86521;rockford-fosgate;https://resources.chainbox.io/3/sec/public/pim/e78fee3c-0727-4530-98f5-aebea3bef5fb/86521_default.jpg;RF T1S2-10;Rockford Fosgate T1S2-10 / 25 cm (10”) Subwoofer / 500/1000 Watts RMS/MAX. / 2 Ω / SPL 82 dB / ‡ 76,5 mm / Ø 232 mm;4609;ICE-RF-hjt
86544;rockford-fosgate;https://resources.chainbox.io/3/sec/public/pim/337335d8-c947-4791-a45f-a50f1842159c/86544_default.png;RF P3SD4-10;Rockford Fosgate P3SD4-10 / 25 cm (10”) Subwoofer / 300/600 Watts RMS/MAX. / 4 + 4 Ω / SPL 83 dB / ‡ 89 mm / Ø 230 mm;1719;ICE-RF-hjt
86563;rockford-fosgate;https://resources.chainbox.io/3/sec/public/pim/d7aedb35-c479-4fbc-9618-0cd89ae5f0c1/86563_default.png;RF P3D2-12;Rockford Fosgate P3D2-12 / 30 cm (12”) Subwoofer / 600/1200 Watts RMS/MAX. / 2 + 2 Ω / SPL 85 dB / ‡ 169 mm / Ø 285 mm;2469;ICE-RF-hjt
86564;rockford-fosgate;https://resources.chainbox.io/3/sec/public/pim/94c233e6-cd66-4408-bd2f-5dcfebb02473/86564_default.jpg;RF P3D2-15;Rockford Fosgate P3D2-15 / 38 cm (15”) Subwoofer / 600/1200 Watts RMS/MAX. / 2 + 2 Ω / SPL 86 dB / ‡ 193 mm / Ø 353 mm;2899;ICE-RF-hjt
86565;rockford-fosgate;https://resources.chainbox.io/3/sec/public/pim/de6accce-9e0f-4310-bbd8-fa113a3940bf/86562_default.jpg;RF P3D4-10;Rockford Fosgate P3D4-10 / 25 cm (10”) Subwoofer / 500/1000 Watts RMS/MAX. / 4 + 4 Ω / SPL 82 dB / ‡ 157 mm / Ø 232 mm;2039;ICE-RF-hjt
86576;rockford-fosgate;https://resources.chainbox.io/3/sec/public/pim/9bab329c-d4f3-4216-9354-d245a18826bb/86576_default.png;RF P1S2-12;Rockford Fosgate P1S2-12 / 30 cm (12”) Subwoofer / 250/500 Watts RMS/MAX. / 2 Ω / SPL 86 dB / ‡ 153 mm / Ø 285 mm;1079;ICE-RF-hjt
86597;rockford-fosgate;https://resources.chainbox.io/3/sec/public/pim/b8cc5e04-1dd6-4e7b-88c0-38c13df72156/86597_default.jpg;RF P2D4-12 DVC woofer 4 ohm;Rockford Fosgate P2D4-12 / 30 cm (12”) Subwoofer / 400/800 Watts RMS/MAX. / 4 + 4 Ω / SPL 86 dB / ‡ 163 mm / Ø 285 mm;1499;ICE-RF-hjt
86737-3;rockford-fosgate;https://resources.chainbox.io/3/sec/public/pim/1f078c8b-ddd3-4a83-a8b1-6080018b498a/hd14u-stage3_1_default.jpg;RF HD14U-STAGE3;"Rockford Fosgate HD14U-STAGE3 / Power lydpakke til udvalgte Harley-Davidson® 2014+ modeller / Samlet udgangseffekt 400 Watt RMS / Ingen boring eller skæring påkrævet / Sættet boltes til fabriksfastgørelsespunkter / Direkte ledningsnet til Harley-Davidson®-modeller / T-sele integration understøtter front/bag fader kontrol / TM400X4ad Class-ad 4-kanals forstærker / TMS65 16,5 cm (6,5"") højtalere / TMS69BL14 15 x 23 cm (6 x 9"") Baglid-højttalere / RFK-HD14 forstærker ledningssæt / Se kompatibilitetsliste hos producenten";20039;ICE-RF-øvr
86816;rockford-fosgate;https://resources.chainbox.io/3/sec/public/pim/019786e3-524a-4407-b0d7-b0d98d9918f5/86816_default.png;"RF P2-2X12 subkasse m/2x12"" St.2 woofere";Rockford Fosgate P2-2X12 / 2 x 30 cm (12”) Ported Subwoofer System / 800/1600 Watts RMS/MAX. / 1 Ω / 38,4 x 86 x 40 cm;5469;ICE-RF-hjt
86866;rockford-fosgate;https://resources.chainbox.io/3/sec/public/pim/5d6e77f0-7ce6-4798-8142-57088ca6697e/86866_default.jpg;"RF P3SG-12 gitter i RF design 12""";"Rockford Fosgate P3SG-12 / 12"" Gitter til P3SD4-12 og P3SD2-12 Subwoofers";329;ICE-RF-div
86889;rockford-fosgate;https://resources.chainbox.io/3/sec/public/pim/af72851a-1342-44e7-bde0-d1364ee2e2c5/86870_default.png;RF P1G-15;RF P1G-15;429;ICE-RF-div
86912;rockford-fosgate;https://resources.chainbox.io/3/sec/public/pim/b50ad7bd-03b9-4cc4-b243-b3a1108012ef/86912_default.jpg;RF POP-186-XL t-shirt;;129;ICE-RF-div
86913;rockford-fosgate;https://resources.chainbox.io/3/sec/public/pim/0cf1d888-3014-4d0f-b9ca-9df69bfeea0a/86913_default.jpg;RF POP-AUDIO-M t-shirt;;189;ICE-RF-div
86914;rockford-fosgate;https://resources.chainbox.io/3/sec/public/pim/0e869d05-5d96-4dc9-ac94-67832ffd1d16/86914_default.jpg;RF POP-AUDIO-L t-shirt;;189;ICE-RF-div
87056;rockford-fosgate;https://resources.chainbox.io/3/sec/public/pim/f92c51a5-5421-4eba-9241-f357526676c5/r165x3-group460x231_default.jpg;RF R165X3;16,5 cm Triaxial ;649;ICE-RF-hjt
87074;rockford-fosgate;https://resources.chainbox.io/3/sec/public/pim/35a354ac-c068-49b2-9c8b-330bb8c41610/87074_default.png;"RF R2SD4-12"" Prime R2 Shallow subwoofer";"30 cm (12"") Shallow Subwoofer";1079;ICE-RF-hjt
87117;rockford-fosgate;https://resources.chainbox.io/3/sec/public/pim/197ae6da-e817-4a9c-9754-7ee0065c0df1/87117_default.jpg;RF R2-500x4 Prime 4CH amp;Rockford Fosgate R2-500X4 / Class D 4-Channel Forstærker / 4 x 75/125 Watts/RMS @ 4/2 Ω / 2 x 250 Watts/RMS @ 4 Ω bridged / Highpass/Lowpass 50-250 Hz / Dimensions: 255 x 173 x 49 mm;2789;ICE-RF-amp
87122;rockford-fosgate;https://resources.chainbox.io/3/sec/public/pim/927281b3-c421-4b14-a86e-b4d6399c050a/87122_default.jpg;RF R2-1200x1 Prime 1CH amp;Rockford Fosgate R2-1200X1 / Class D Mono Forstærker / 1 x 400/800/1200 Watts/RMS @ 4/2/1 Ω / Lowpass 50-250 Hz, Infrasonic 15-40 Hz / Dimensions: 285 x 173 x 49 mm;3539;ICE-RF-amp
16300;rockford-fosgate;https://resources.chainbox.io/3/sec/public/pim/a14d8360-e806-4a2c-a9d3-52d778a7f387/16300_default.jpg;AMPIRE digital 24V forstærker 1x500W;24V mono-forstærker;1599;ICE-Ampire
16305;rockford-fosgate;https://resources.chainbox.io/3/sec/public/pim/2cf18827-bd6e-4d1a-922f-86abe40e48f2/16305_default.jpg;AMPIRE digital 24V 4-kanals forstærker;24V 4-kanals forstærker;1599;ICE-Ampire
80894;rockford-fosgate;https://resources.chainbox.io/3/sec/public/pim/ea14395a-0f23-4357-b100-f08499119d97/80894_default.jpg;RF RFIY-1M splitkabel (1-M til 2-F);Rockford Fosgate RFIY-1M / Twisted RCA Y-Adapter 1M/2F;109;ICE-RF-mon
80910;rockford-fosgate;https://resources.chainbox.io/3/sec/public/pim/cfa384d4-e7e4-4de4-8ece-4a884e1d8a85/80910_default.jpg;RF RFD4 fordelerblok 1 ind/3 ud;Rockford Fosgate RFD4 / Platinum plated fordelerblok / 1 x 53,5 mm² Input + 3 x 21,1 mm² Output;219;ICE-RF-mon
80919;rockford-fosgate;https://resources.chainbox.io/3/sec/public/pim/07878ed2-1d38-45a3-97fb-c70ff9a410bd/80919_default.png;RF RF-HLC High level converter;Rockford Fosgate RF-HLC / 2-Channel High-to-Low Converter / Til at forbinde højttalerkabler til RCA inputs hos Rockford Fosgate Forstærkere / Dimensions: 25,4 x 39,9 x 88,9 mm;219;ICE-RF-mon
81000;rockford-fosgate;https://resources.chainbox.io/3/sec/public/pim/32fa94b2-2312-4bb0-8590-b339ecc04396/81000_default.jpg;RF RFK4 kabelkit;RFK4 / 4 AWG Power Installation Kit / 100% Pure Crystal-Oxygen Free Copper / 1 x 21,1 mm² Power Wire (red), 5,2 m / 1 x 21,1 mm² Ground Wire (transparent silver), 0,9 m / 1 x 60A ANL sikring inkl. sikringsholder / 1 x Remote Wire (blue), 6,1 m;859;ICE-RF-mon
81005;rockford-fosgate;https://resources.chainbox.io/3/sec/public/pim/1dfb0929-88c5-4d1f-8378-0023d33bc35b/81005_01_default.jpg;RF RFK10;Rockford Fosgate RFK10 / 10 mm2 Forstærker Eco Installation Kit / 1 x 10 mm² Power Wire (red), 5 m / 1 x 10 mm² Ground Wire (silvergrey), 0.8 m / 1 x 5 m double shielded RCA Cable (black) / 1 x 0,5 mm² Remote Wire 5 m / 1 x AFS Acrylic sikringsholder with 40A Mini ANL sikring / Installationstilbehør;329;ICE-RF-mon
81200;rockford-fosgate;https://resources.chainbox.io/3/sec/public/pim/1698a2e3-7385-44c7-a1dc-2b1975b94899/81200_default.jpg;RF RFC10HB digital kondensator 10 farad;Rockford Fosgate RFC10HB / 10 Farad energilagringsarmering / 10 Farad Hybrid Digital kondensator / Lav ESR (Equivilent Series Resistance) / Kulstofkondensator/elektrolytisk kondensator / (3) 1/0 AWG/4 AWG effektindgange / (3) 1/0 AWG/4 AWG jordindgange / Platinbelagte terminaler / Spændings/ampere meter / Mål: 57 x 165 x 260 mm;3859;ICE-RF-mon
84501;rockford-fosgate;https://resources.chainbox.io/3/sec/public/pim/f0384386-ab4d-461a-af37-511425253db2/84501_default.jpg;RF R70-M;"Rockford Fosgate R70-M / LCD Monitor / 17,8 cm (7"") LCD/TFT-skærm / 1400 x 234 px / PAL/NTSC, OSD / Flad monteringsprofil / Optimeret til nakkestøtte-installationer / Separat distributionsboks inkl. kabelsæt / Fjernbetjening / Monteringsbeslag";1289;ICE-RF-hea
85152;rockford-fosgate;https://resources.chainbox.io/3/sec/public/pim/de8cf228-7a16-4e48-8a7d-4190521d17ec/85152_default.png;RF P300X2;Rockford Fosgate P300X2 / Class-ab 2-Channel Forstærker / 2 x 100/150 Watts/RMS @ 4/2 Ω / 1 x 300 Watts/RMS @ 4 Ω bridged / Dimensions: 197 x 61 x 250 mm;2679;ICE-RF-amp
85153;rockford-fosgate;https://resources.chainbox.io/3/sec/public/pim/9adf7c4b-1c75-47f4-90ce-0a61f51eb639/85153_0_default.png;RF P300-10;Rockford Fosgate P300-10 / 25 cm Sealed Powered Truck Enclosure / Output Power 300 Watts RMS / Dimensions: 33,8 x 55,2 x 20/12,2 cm;3139;ICE-RF-hjt
85175;rockford-fosgate;https://resources.chainbox.io/3/sec/public/pim/2e517216-cfb0-448f-a375-18f6b3355db7/85175_default.png;RF T1000-4AD Power 4-kanals forstærker;Rockford Fosgate T1000-4AD / Class-ad 4-Channel Forstærker / 4 x 250 Watts/RMS @ 4/2/1 Ω / 2 x 500 Watts/RMS @ 4/2 Ω bridged / Dimensions: 207 x 54 x 379 mm;8679;ICE-RF-amp
85181;rockford-fosgate;https://resources.chainbox.io/3/sec/public/pim/d0bf1e92-53d0-4e4a-93ad-8a61d40db035/85181_default.png;RF T750X1BD Mono-Block digital;Rockford Fosgate T750X1BD / Class-bd Mono Forstærker / 1 x 500 Watts/RMS @ 4 Ω / 1 x 750 Watts/RMS @ 2 Ω / 1 x 750 Watts/RMS @ 1 Ω / Dimensions: 108 x 41 x 211 mm;4179;ICE-RF-amp
85195;rockford-fosgate;https://resources.chainbox.io/3/sec/public/pim/3e8106cc-5033-491f-9a33-104dbb2aacaa/85195_default.png;RF PBR300X2 Punch BRT forstærker;Rockford Fosgate PBR300X2 / Class-brt 2-Channel Forstærker / 2 x 100/150 Watts/RMS @ 4/2 Ω / 1 x 300 Watts/RMS @ 4 Ω bridged / Frequency Response 20Hz-20kHz +/-3db / Dimensions: 108 x 39 x 172 mm;2579;ICE-RF-amp
85220;rockford-fosgate;https://resources.chainbox.io/3/sec/public/pim/eaeb1c8f-c33e-4d1f-bc10-c61e1ecdc84a/85220_default.png;RF T500X1 BR;Rockford Fosgate T500X1BR / Class-br Mono Forstærker / 1 x 175 Watts/RMS @ 4 Ω / 1 x 300 Watts/RMS @ 2 Ω / 1 x 500 Watts/RMS @ 1 Ω / Dimensions: 108 x 41 x 211 mm;3219;ICE-RF-amp
85304;rockford-fosgate;https://resources.chainbox.io/3/sec/public/pim/ce1ab9ba-e59a-4e9d-917f-12a3a0d0a2cd/85304_default.png;RF P1000X1BD;Rockford Fosgate P1000X1BD / Class-bd Mono Forstærker / 1 x 300/500/1000 Watts/RMS @ 4 /2/1 Ω / Highpass/Lowpass 50-250 Hz / Punch EQ 0-18 dB Bass Boost (45Hz) / Dimensions: 197 x 61 x 337 mm;4829;ICE-RF-amp
85320;rockford-fosgate;https://resources.chainbox.io/3/sec/public/pim/d5bd45da-c3cc-4073-b871-a0508f29bb24/85320_default.jpg;RF PEQ remote amp controle;Rockford Fosgate PEQ / Remote Punch EQ Controller (2007+ Amps) / Fjernstyret bas-/diskantforstærkning / 0dB til +18dB basforstærkning ved 45 Hz / 0dB til +12dB diskantboost @ 12,5 kHz / Bas/diskant-filtrering baseret på delefilterindstilling (HP-LP-AP) / Styrer bas på bagudgange på 4-kanals forstærkere / Monteres bekvemt under instrumentbrættet, inde i midterkonsollen eller handskerum / Inkluderer basknop, kabel, monteringsclips, monteringsskruer;329;ICE-RF-amp
86115;rockford-fosgate;https://resources.chainbox.io/3/sec/public/pim/c6cbd8b2-0ce6-4bb1-aff2-63c37c7fce80/86115_default.png;RF P165-SI;Rockford Fosgate P165-SI / 16,5 cm (6.5”) Component System / 60/120 Watts RMS/MAX. / SPL 88 dB / 44 Hz - 20 kHz / ‡ 57 mm / Ø 141 mm;1289;ICE-RF-hjt
86368;rockford-fosgate;https://resources.chainbox.io/3/sec/public/pim/8d5a156b-bbd9-4f46-81a4-ab2d5f1ea48d/86368_default.png;RF T1682 Power coaxial højt.sæt;"Rockford Fosgate T1682 / 6 x 8"" Coaxial / 80/160 Watts RMS/MAX. / SPL 88 dB / 55 Hz - 22 kHz / ‡ 66 mm / Ø 130 x 189 mm";1179;ICE-RF-hjt
86370;rockford-fosgate;https://resources.chainbox.io/3/sec/public/pim/683cf2d4-8a43-42d0-9fa3-d34f0368c1b4/86370_default.png;RF T1692 Power coaxial højt.sæt;"Rockford Fosgate T1692 / 6 x 9"" Coaxial / 100/200 Watts RMS/MAX. / SPL 90 dB / 50 Hz - 22 kHz / ‡ 86 mm / Ø 152 x 222 mm";1399;ICE-RF-hjt
86432;rockford-fosgate;https://resources.chainbox.io/3/sec/public/pim/eecf8739-8ff5-418f-b73a-f9c6a6bd0542/86432_default.jpg;"RF T2652-S Power T2 højt.splitsæt 6,5""";Rockford Fosgate T2652-S / 16,5 cm (6.5”) Component System / 100/200 Watts RMS/MAX. / SPL 88 dB / 50 Hz - 22 kHz / ‡ 64 mm / Ø 142 mm;2359;ICE-RF-hjt
86510;rockford-fosgate;https://resources.chainbox.io/3/sec/public/pim/b5f2be95-53da-4f56-87b7-597d0bbb51de/86510_default.jpg;"RF T1D210 Power DVC 10"" woofer 2 ohm";Rockford Fosgate T1D210 / 25 cm (10”) Subwoofer / 600/1200 Watts RMS/MAX. / 2 + 2 Ω / SPL 83 dB / ‡ 162 mm / Ø 230 mm;3969;ICE-RF-hjt
86514;rockford-fosgate;https://resources.chainbox.io/3/sec/public/pim/85e1bb93-0a06-4461-b3ff-df8c77e286a2/86514_default.jpg;RF T1D410;Rockford Fosgate T1D410 / 25 cm (10”) Subwoofer / 600/1200 Watts RMS/MAX. / 4 + 4 Ω / SPL 83 dB / ‡ 162 mm / Ø 230 mm;3969;ICE-RF-hjt
86520;rockford-fosgate;https://resources.chainbox.io/3/sec/public/pim/a1f74822-d6a9-46da-b37b-44154fdc629d/86520_default.jpg;RF T1S1-10;Rockford Fosgate T1S1-10 / 25 cm (10”) Subwoofer / 500/1000 Watts RMS/MAX. / 1 Ω / SPL 82 dB / ‡ 76,5 mm / Ø 232 mm;4609;ICE-RF-hjt
86560;rockford-fosgate;https://resources.chainbox.io/3/sec/public/pim/1a056b1f-88a7-48c9-a766-0e31bf1a99c2/86550_default.jpg;"RF P3SD4-12 subwoofer DVC 12"" shallow";Rockford Fosgate P3SD4-12 / 30 cm (12”) Subwoofer / 400/800 Watts RMS/MAX. / 4 + 4 Ω / SPL 85 dB / ‡ 93 mm / Ø 285 mm;2039;ICE-RF-hjt
86562;rockford-fosgate;https://resources.chainbox.io/3/sec/public/pim/de6accce-9e0f-4310-bbd8-fa113a3940bf/86562_default.jpg;RF P3D2-10;Rockford Fosgate P3D2-10 / 25 cm (10”) Subwoofer / 500/1000 Watts RMS/MAX. / 2 + 2 Ω / SPL 82 dB / ‡ 157 mm / Ø 232 mm;2039;ICE-RF-hjt
86567;rockford-fosgate;https://resources.chainbox.io/3/sec/public/pim/7630ed05-8f3e-494e-8f0b-388f43f0d0fb/p3d2-15_3-4_default.jpg;RF P3D4-15;Rockford Fosgate P3D4-15 / 38 cm (15”) Subwoofer / 600/1200 Watts RMS/MAX. / 4 + 4 Ω / SPL 86 dB / ‡ 193 mm / Ø 353 mm;2899;ICE-RF-hjt
86579;rockford-fosgate;https://resources.chainbox.io/3/sec/public/pim/96449e74-83a9-4c4c-84f6-53f3e53f856e/p1s4-10_3-4_trim_default.jpg;RF P1S2-10;Rockford Fosgate P1S2-10 / 25 cm (10”) Subwoofer / 250/500 Watts RMS/MAX. / 2 Ω / SPL 85 dB / ‡ 135 mm / Ø 235 mm;969;ICE-RF-hjt
86587;rockford-fosgate;https://resources.chainbox.io/3/sec/public/pim/23bf6b5d-5c0a-4001-842f-a65507db1974/86587_default.png;"RF P2D4-8 Dual voice coil 8"" woofer";Rockford Fosgate P2D4-8 / 20 cm (8”) Subwoofer / 250/500 Watts RMS/MAX. / 4 + 4 Ω / SPL 83 dB / ‡ 121 mm / Ø 181 mm;1079;ICE-RF-hjt
86592;rockford-fosgate;https://resources.chainbox.io/3/sec/public/pim/0477e7cc-e178-49a9-b536-4665af3ca78a/p2d4-12_3-4_default.jpg;RF P2D2-12 DVC woofer 2 ohm;Rockford Fosgate P2D2-12 / 30 cm (12”) Subwoofer / 400/800 Watts RMS/MAX. / 2 + 2 Ω / SPL 86 dB / ‡ 163 mm / Ø 285 mm;1499;ICE-RF-hjt
86593;rockford-fosgate;https://resources.chainbox.io/3/sec/public/pim/205a78b2-7131-48b5-be5f-227282a852ab/86593_default.jpg;RF P2D2-15;Rockford Fosgate P2D2-15 / 38 cm (15”) Subwoofer / 400/800 Watts RMS/MAX. / 2 + 2 Ω / SPL 86 dB / ‡ 197 mm / Ø 353 mm;1929;ICE-RF-hjt
86598;rockford-fosgate;https://resources.chainbox.io/3/sec/public/pim/38c99a6c-8cc0-4f78-acd2-551a0f7c1434/86598_default.jpg;RF P2D4-15;Rockford Fosgate P2D4-15 / 38 cm (15”) Subwoofer / 400/800 Watts RMS/MAX. / 4 + 4 Ω / SPL 86 dB / ‡ 197 mm / Ø 353 mm;1929;ICE-RF-hjt
86695;rockford-fosgate;https://resources.chainbox.io/3/sec/public/pim/194bfde3-e97a-4445-a264-755332a5529f/t2s1-13_angle_default.jpg;RF T2S1-13;Rockford Fosgate T2S1-13 / 33 cm (13”) Subwoofer / 2000/4000 Watts RMS/MAX., 1 Ω / SPL 87 dB / ‡ 246 mm / Ø 312 mm;11789;ICE-RF-hjt
86700;rockford-fosgate;https://resources.chainbox.io/3/sec/public/pim/9852e58e-9921-4ea4-adbb-05f5c665d7c8/86700_default.jpg;RF T3S1-19;"48 cm (19"") Subwoofer";22719;ICE-RF-hjt
86701;rockford-fosgate;https://resources.chainbox.io/3/sec/public/pim/9852e58e-9921-4ea4-adbb-05f5c665d7c8/86700_default.jpg;RF T3S2-19;"48 cm (19"") Subwoofer";22719;ICE-RF-hjt
86739-2;rockford-fosgate;https://resources.chainbox.io/3/sec/public/pim/31dcd781-9427-42a0-87bb-e88566cfffb9/hd14rgsg-stage2_1_default.jpg;RF HD14RGSG-STAGE2;"Rockford Fosgate HD14RGSG-STAGE2 / Power lydpakke til Harley-Davidson® Road Glide® & Street Glide® 2014+ / Samlet udgangseffekt 400 Watt RMS / Ingen boring eller skæring påkrævet / Sættet boltes til fabriksfastgørelsespunkter / Direkte ledningsnet til Harley-Davidson®-modeller / T-sele integration understøtter front/bag fader kontrol / TM400X4ad Class-ad 4-kanals forstærker / TMS65 16,5 cm (6,5"") højtalere / RFK-HD14 forstærker ledningssæt";10829;ICE-RF-øvr
86739-3;rockford-fosgate;https://resources.chainbox.io/3/sec/public/pim/3a08fe9d-4423-4d6d-98df-ed071618335d/hd14rgsg-stage3_1_default.jpg;RF HD14RGSG-STAGE3;"Rockford Fosgate HD14RGSG-STAGE3 / Power lydpakke til Harley-Davidson® Road Glide® & Street Glide® 2014+ / Samlet udgangseffekt 400 Watt RMS / Ingen boring eller skæring påkrævet / Sættet boltes til fabriksfastgørelsespunkter / Direkte ledningsnet til Harley-Davidson®-modeller / T-sele integration understøtter front/bag fader kontrol / TM400X4ad Class-ad 4-kanals forstærker / TMS65 16,5 cm (6,5"") højtalere / TMS69BL14 15 x 23 cm (6 x 9"") Baglid-højttalere – ikke til glasfibermodeller / RFK-HD14 forstærker ledningssæt";16609;ICE-RF-øvr
86775;rockford-fosgate;https://resources.chainbox.io/3/sec/public/pim/9f18c61a-ca19-4c08-a960-cb49a1728bf9/86775_default.png;RF RFBTRCA universal BT til RCA adapter;RFBTRCA / Universal Bluetooth® to RCA Adapter / Bluetooth® streamingmodtager / 12VDC kablet forbindelse / 3,5 mm til stereo RCA-lydudgang / Enkel en knap parring / Automatisk forbindelse efter indledende parring / Klasse 2 udgangseffekt / Bluetooth™ V3.0+EDR med 10 m rækkevidde / 3,5 mm til han RCA-lydkabel medfølger, 1 m / Kompatibel med Apple og Android Bluetooth™-enheder;649;ICE-RF-amp
86814;rockford-fosgate;https://resources.chainbox.io/3/sec/public/pim/0d38fe10-c9f8-460a-b4e6-91cb0c29dff6/86814_default.jpg;"RF P2-1X12 subkasse m. 12"" P2 woofer";Rockford Fosgate / P2-1X12 / 30 cm (12”) Ported Subwoofer System / 400/800 Watts RMS/MAX. / 1 Ω / 38,4 x 48,6 x 40 cm;2899;ICE-RF-hjt
86835;rockford-fosgate;https://resources.chainbox.io/3/sec/public/pim/97ce78b8-6bd9-4b14-9572-5a33f0fbf665/86835_default.jpg;"RF P3S-1X12/P3L-S12 ""shallow"" baskasse";Rockford Fosgate P3S-1X12 / 30 cm (12”) Sealed Subwoofer System / 400/800 Watts RMS/MAX. / 1 Ω / 34,3 x 69,6 x 13,5 / 8,4 cm;2579;ICE-RF-hjt
86868;rockford-fosgate;https://resources.chainbox.io/3/sec/public/pim/a0d8d6bf-bbac-47f4-bcd5-5778d649125a/86868_default.jpg;"RF P3SG-10 gitter i RF design 10""";"Rockford Fosgate P3SG-10 / 10"" Gitter til P3SD4-10 og P3SD2-10 Subwoofers";329;ICE-RF-div
86870;rockford-fosgate;https://resources.chainbox.io/3/sec/public/pim/af72851a-1342-44e7-bde0-d1364ee2e2c5/86870_default.png;"RF P3SG-8 gitter i RF design 8""";"Rockford Fosgate P3SG-8 / 8"" Gitter til P3SD4-8 og P3SD2-8 Subwoofers";219;ICE-RF-div
86887;rockford-fosgate;https://resources.chainbox.io/3/sec/public/pim/af72851a-1342-44e7-bde0-d1364ee2e2c5/86870_default.png;RF P1G-10;"P1G-10 / 10"" Gitter til P1S4-10 og P1S2-10 Subwoofers";329;ICE-RF-div
86896;rockford-fosgate;https://resources.chainbox.io/3/sec/public/pim/bc79799c-3a8d-4934-ac3c-958a30f8df59/pakke2_default.png;RF SSK600R2;RF SSK600R2;3839;ICE-RF-div
86916;rockford-fosgate;https://resources.chainbox.io/3/sec/public/pim/aadaeda8-0974-45ba-acac-1c5d58c81154/86916_default.jpg;RF POP-1980-L t-shirt;;99;ICE-RF-div
87042;rockford-fosgate;https://resources.chainbox.io/3/sec/public/pim/0b68c94e-3264-4788-8182-599578f3d5c4/r1525x2_group_default.jpg;RF R1525X2;"Rockford Fosgate R1525X2 / 13 cm (5.25"") Coaxial / 40/80 Watts RMS/MAX. / SPL 88 dB / 62 Hz - 20 kHz / ‡ 49 mm / Ø 119 mm";539;ICE-RF-hjt
87055;rockford-fosgate;https://resources.chainbox.io/3/sec/public/pim/5826a7e4-be31-4a57-a636-8e45e9c155e8/x87055_default.jpg;RF R1675-S;16,5 cm (6.75”) Component System;749;ICE-RF-hjt
87065;rockford-fosgate;https://resources.chainbox.io/3/sec/public/pim/fe77832f-3c30-4c35-9036-e6a74dff3450/87065_default.jpg;RF R1T-S Prime tweetersæt;25 mm (1”) Tweeters incl. Crossovers;429;ICE-RF-hjt
87110;rockford-fosgate;https://resources.chainbox.io/3/sec/public/pim/5dd0f054-9e84-4794-9c0e-837c527db908/87110_default.jpg;"RF R2S-1X12 Prime subkasse 12""";Rockford Fosgate R2S-1X12 / 30 cm (12”) Sealed Subwoofer System / 250/500 Watts RMS/MAX. / 2 Ω / 34,3 x 69,5 x 13,5 / 8,4 cm;1719;ICE-RF-hjt
87116;rockford-fosgate;https://resources.chainbox.io/3/sec/public/pim/f1b1fa14-348c-4788-a05b-2dbd9bf1a24d/87116_default.jpg;RF R2-300x4 Prime 4CH amp;Rockford Fosgate R2-300X4 / Class D 4-Channel Forstærker / 4 x 50/75 Watts/RMS @ 4/2 Ω / 2 x 150 Watts/RMS @ 4 Ω bridged / Highpass/Lowpass 50-250 Hz / Dimensions: 255 x 173 x 49 mm;2359;ICE-RF-amp
87118;rockford-fosgate;https://resources.chainbox.io/3/sec/public/pim/4c8a4777-39da-486d-999a-71ad11a84086/87118_default.jpg;RF R2-750x5 Prime 5CH amp;Rockford Fosgate R2-750X5 / Class D 5-Channel Forstærker / 4 x 50/100 Watts/RMS @ 4/2 Ω / + 1 x 200 / 350 Watts/RMS @ 4/2 Ω / Highpass/Lowpass 50-250 Hz / Phase-Shift 0-180° / Dimensions: 285 x 173 x 49 mm;3969;ICE-RF-amp
87120;rockford-fosgate;https://resources.chainbox.io/3/sec/public/pim/bdd16408-41c2-460c-95fa-7cd8cc5ff83d/87120_default.jpg;RF R2-500x1 Prime 1CH amp;Rockford Fosgate R2-500X1 / Class D Mono Forstærker / 1 x 300/500 Watts/RMS @ 4/2 Ω / Lowpass 50-250 Hz, Infrasonic 15-40 Hz / Dimensions: 215 x 173 x 49 mm;2359;ICE-RF-amp
80870;rockford-fosgate;https://resources.chainbox.io/3/sec/public/pim/e33321e9-0d19-49b2-a009-d7e9914ae737/80870_default.jpg;RF RFI-3 signalkabel 1 mtr.;Rockford Fosgate RFI-3 / 0,9 m Twisted Stereo RCA Cable;109;ICE-RF-mon
80899;rockford-fosgate;https://resources.chainbox.io/3/sec/public/pim/ea8912f8-fddd-40aa-b46d-0440f5056e59/80899_default.png;RF RFITY-1M splitkabel (1-M til 2-F);Rockford Fosgate RFITY-1M / Premium Dual Twist RCA Y-Adapter 1M/2F;109;ICE-RF-mon
80955;rockford-fosgate;https://resources.chainbox.io/3/sec/public/pim/2bf973fc-c3d0-4ef3-9ef8-7c718d5af4d7/80955_default.png;RF RFDB1 1/0 AWG batteri terminal -/+;Rockford Fosgate RFDB1 / Platinum plated Batteriterminal m. adapterringe/  2 x 53.5 mm² + 2 x 21.1 mm² Input;229;ICE-RF-mon
81001;rockford-fosgate;https://resources.chainbox.io/3/sec/public/pim/05b29763-360d-47b4-984f-8c985395490e/81001_default.jpg;RF RFK4D kabelkit;Rockford Fosgate RFK4D / 4 AWG Complete Dual Installation Kit til 2 forstærkere / 100% Pure Crystal-Oxygen Free Copper / 1 x 21,1 mm² Power Wire (red), 5,2 m / 1 x 21,1 mm² Ground Wire (transparent silver), 0,9 m / 1 x 8,3 mm² Power Wire (red), 1,8 m / 2 x 6,1 m RCA Cables / 2 x 9,1 m Speaker Wire / 2 x 4 AWG distribution blocks / 1 x 100A ANL sikring inkl. sikringsholder / 1 x Remote Wire (blue), 6,1 m;1609;ICE-RF-mon
81207;rockford-fosgate;https://resources.chainbox.io/3/sec/public/pim/879aeae2-57ea-4cbc-990c-2ed116341259/81205_default.png;RF RFCB200;Rockford Fosgate RFCB200 / 200 A Circuit Breaker / Til kabler med tværsnit på 53.5 mm² eller 21.1 mm²;429;ICE-RF-mon
85006;rockford-fosgate;https://resources.chainbox.io/3/sec/public/pim/00b8550d-0318-439a-8256-6a6f570bd3fb/85006_default.png;RF T2T-S;Rockford Fosgate T2T-S / 25 mm. (1”) Tweeters incl. Crossovers / 75/150 Watts RMS/MAX. / SPL 90 dB / 3 kHz - 22 kHz / ‡ 13 mm / Ø 45 mm;1399;ICE-RF-hjt
85155;rockford-fosgate;https://resources.chainbox.io/3/sec/public/pim/e4c20ed1-70f5-4982-a268-b079b5b1a6e1/85155_default.png;RF P300-8P Punch subbox;Rockford Fosgate P300-8P / 20 cm Ported Powered Enclosure / Output Power 300 Watts RMS / Dimensions: 28,9 x 44,8 x 14,1 cm;2469;ICE-RF-hjt
85322;rockford-fosgate;https://resources.chainbox.io/3/sec/public/pim/7d1736e8-f2f0-4430-807c-174991d97ce3/85322_default.png;RF RFPEQU;Rockford Fosgate RFPEQU / Universal PEQ Remote & Line Driver / Linjedriver med OEM integrationsmuligheder / Højspændingslinje driver / Uafhængig forstærkningskontrol / Lav forvrængning, lav støjdrift / Højttaler niveau til RCA linje niveau konverter / Aux. fjernbetjeningsudgang / Auto-Sense-tænding med fjernbetjening ud (højt niveau ind) / PEQ fjernbetjening inkluderet / Diskret overflademonteringsteknologi / Mål: 80 x 28 x 120 mm;719;ICE-RF-amp
86350;rockford-fosgate;https://resources.chainbox.io/3/sec/public/pim/9665b157-a7a8-4267-9a96-a298dbef87a7/86350_default.jpg;"RF P142 coaxial 4"" højttalersæt 2-vejs";Rockford Fosgate P142 / 10 cm (4”) Coaxial / 30/60 Watts RMS/MAX. / SPL 86,5 dB / 100 Hz - 22 kHz / ‡ 42 mm / Ø 102 mm;649;ICE-RF-hjt
86388;rockford-fosgate;https://resources.chainbox.io/3/sec/public/pim/1d520361-382b-4c31-9a72-5b48567ff347/86388_default.png;"RF T1693 Power coax 3-v. højt.sæt 6x9""";"Rockford Fosgate T1693 / 6 x 9"" Triaxial / 100/200 Watts RMS/MAX. / SPL 91 dB / 50 Hz - 22 kHz / ‡ 86 mm / Ø 152 x 222 mm";1609;ICE-RF-hjt
86516;rockford-fosgate;https://resources.chainbox.io/3/sec/public/pim/90e89c57-6f67-497d-a727-662b80283e0f/86512_default.png;RF T1D415;Rockford Fosgate T1D415 / 38 cm (15”) Subwoofer / 1000/2000 Watts RMS/MAX. / 4 + 4 Ω / SPL 88 dB / ‡ 213 mm / Ø 354 mm;6429;ICE-RF-hjt
86519;rockford-fosgate;https://resources.chainbox.io/3/sec/public/pim/0d0f323e-11b9-4427-80f3-6c4582febe7d/86519_default.png;RF T1S-1X10P;Rockford Fosgate T1S-1X10P / 25 cm (10”) Ported Subwoofer System / 500/1000 Watts RMS/MAX. / 1 Ω / 37 x 80 x15,9/10,7 cm;5579;ICE-RF-hjt
86543;rockford-fosgate;https://resources.chainbox.io/3/sec/public/pim/ba8d696e-b5bb-4a15-86c6-3281ef242ad3/86543_default.jpg;RF P3SD2-10;Rockford Fosgate P3SD2-10 / 25 cm (10”) Subwoofer / 300/600 Watts RMS/MAX. / 2 + 2 Ω / SPL 83 dB / ‡ 89 mm / Ø 230 mm;1719;ICE-RF-hjt
86546;rockford-fosgate;https://resources.chainbox.io/3/sec/public/pim/50e1f2c5-a929-4062-9882-ff7a171c9a46/86546_default.png;RF P3-1X12;Rockford Fosgate P3-1X12 / 30 cm (12”) Ported Subwoofer System / 600/1200 Watts RMS/MAX. / 1 Ω / 38,4 x 48,6 x 40 cm;3299;ICE-RF-hjt
86550;rockford-fosgate;https://resources.chainbox.io/3/sec/public/pim/1a056b1f-88a7-48c9-a766-0e31bf1a99c2/86550_default.jpg;"RF P3SD2-12 subwoofer DVC 12"" shallow";Rockford Fosgate P3SD2-12 / 30 cm (12”) Subwoofer / 400/800 Watts RMS/MAX. / 2 + 2 Ω / SPL 85 dB / ‡ 93 mm / Ø 285 mm;2039;ICE-RF-hjt
86566;rockford-fosgate;https://resources.chainbox.io/3/sec/public/pim/d7aedb35-c479-4fbc-9618-0cd89ae5f0c1/86563_default.png;RF P3D4-12;Rockford Fosgate P3D4-12 / 30 cm (12”) Subwoofer / 600/1200 Watts RMS/MAX. / 4 + 4 Ω / SPL 85 dB / ‡ 169 mm / Ø 285 mm;2469;ICE-RF-hjt
86581;rockford-fosgate;https://resources.chainbox.io/3/sec/public/pim/4c58373c-7736-4e1d-8577-5453723c3ac1/p1s4-15-overhead-3qtr_default.jpg;RF P1S2-15 (2 ohms);Rockford Fosgate P1S2-15 / 38 cm (15”) Subwoofer / 250/500 Watts RMS/MAX. / 2 Ω / SPL 87,5 dB / ‡ 177 mm / Ø 353 mm;1399;ICE-RF-hjt
86585;rockford-fosgate;https://resources.chainbox.io/3/sec/public/pim/41a57f94-7eb8-4fbe-ab72-3d924a9f8962/p1s4-12_3-4_default.jpg;RF P1S4-12 single 4 ohm voice coil;Rockford Fosgate P1S4-12 / 30 cm (12”) Subwoofer / 250/500 Watts RMS/MAX. / 4 Ω / SPL 86 dB / ‡ 153 mm / Ø 285 mm;1079;ICE-RF-hjt
86696;rockford-fosgate;https://resources.chainbox.io/3/sec/public/pim/1403cd0c-11a0-4d66-a0d3-8aa8adc77331/t2s1-13_angle-(1)_default.jpg;RF T2S2-13;Rockford Fosgate T2S2-13 / 33 cm (13”) Subwoofer / 2000/4000 Watts RMS/MAX., 1 Ω / SPL 87 dB / ‡ 246 mm / Ø 312 mm;11789;ICE-RF-hjt
86737-2;rockford-fosgate;https://resources.chainbox.io/3/sec/public/pim/c25f8be8-677a-4818-a15d-371288062993/hd14u-stage2_1_default.jpg;RF HD14U-STAGE2;"Rockford Fosgate HD14U-STAGE2 / Power lydpakke til udvalgte Harley-Davidson® 2014+ modeller / Samlet udgangseffekt 400 Watt RMS / Ingen boring eller skæring påkrævet / Sættet boltes til fabriksfastgørelsespunkter / Direkte ledningsnet til Harley-Davidson®-modeller / T-sele integration understøtter front/bag fader kontrol / TM400X4ad Class-ad 4-kanals forstærker / TMS65 16,5 cm (6,5"") højtalere / RFK-HD14 forstærker ledningssæt / Se kompatibilitetsliste hos producenten";14039;ICE-RF-øvr
86738-2;rockford-fosgate;https://resources.chainbox.io/3/sec/public/pim/ade87c1d-c303-4385-9f33-98d73c29ac68/hd14cvo-stage2_1_default.jpg;RF HD14CVO-STAGE2;"Rockford Fosgate HD14CVO-STAGE2 / Power lydpakke til Harley-Davidson® CVO™ Road Glide®/Street Glide® 2014+ / Samlet udgangseffekt 400 Watt RMS / Ingen boring eller skæring påkrævet / Sættet boltes til fabriksfastgørelsespunkter / Direkte ledningsnet til Harley-Davidson®-modeller / T-sele integration understøtter front/bag fader kontrol / TM400X4ad Class-ad 4-kanals forstærker / TMS65 16,5 cm (6,5"") højtalere / TMS57 13 x 18 cm (5 x 7"") Baglid-højttalere / RFK-HD14 forstærker ledningssæt";14039;ICE-RF-øvr
86874;rockford-fosgate;https://resources.chainbox.io/3/sec/public/pim/daa085cb-6277-4ae1-a5bb-635478f60e4d/86874_default.jpg;"RF P2P3G-12 alu-gitter i RF design 12""";"Rockford Fosgate P2P3G-12 / 12""Gitter til P2D4-12 og P2D2-12 Subwoofers";329;ICE-RF-div
86886;rockford-fosgate;https://resources.chainbox.io/3/sec/public/pim/af72851a-1342-44e7-bde0-d1364ee2e2c5/86870_default.png;RF P1G-8;RF P1G-8;329;ICE-RF-div
86888;rockford-fosgate;https://resources.chainbox.io/3/sec/public/pim/af72851a-1342-44e7-bde0-d1364ee2e2c5/86870_default.png;RF P1G-12;RF P1G-12;329;ICE-RF-div
87076;rockford-fosgate;https://resources.chainbox.io/3/sec/public/pim/e9d95e3e-bc26-4218-afbf-caabe1847f50/87076_default.jpg;"RF R2D2-10 Prime R2 10"" subwoofer 2 ohm";"25 cm (10"") Subwoofer";749;ICE-RF-hjt
87077;rockford-fosgate;https://resources.chainbox.io/3/sec/public/pim/274db0c7-dd2c-4314-8f06-bd8dd94868c3/87077_default.jpg;"RF R2D4-10 Prime R2 10"" subwoofer 4 ohm";"25 cm (10"") Subwoofer";749;ICE-RF-hjt
87079;rockford-fosgate;https://resources.chainbox.io/3/sec/public/pim/5f6f1262-f8dc-4dca-9cd5-918d828e3ed9/87079_default.jpg;"RF R2D4-12 Prime R2 12"" subwoofer 4 ohm";"30 cm (12"") Subwoofer";859;ICE-RF-hjt
86555;;https://resources.chainbox.io/4/sec/public/pim/5ea70fa0-1638-4f1c-8326-49c1c9d74816/86555_default.png;RF P1-2X10;P1-2X10 / 2 x 25 cm (10”) Ported Subwoofer System / 500/1000 Watts RMS/MAX. / 2 Ω / 33,3 x 79,1 x 38,4 cm;3969;ICE-RF-hjt
86556;;https://resources.chainbox.io/4/sec/public/pim/e495cfd2-fe3a-43b7-9460-fef73b706c02/86556_default.png;RF P1-1X10;Rockford Fosgate P1-1X10 / 25 cm (10”) Vented Subwoofer System / 250/500 Watts RMS/MAX. / 2 Ω / 33,3 x 43,2 x 38 cm;2469;ICE-RF-hjt
86557;;https://resources.chainbox.io/4/sec/public/pim/71da3869-aeb2-44f2-b05f-0343b299de31/86557_default.png;RF P1-1X12;Rockford Fosgate P1-1X12 / 30 cm (12”) Ported Subwoofer System / 250/500 Watts RMS/MAX. / 2 Ω / 38,4 x 48,6 x 40 cm;2899;ICE-RF-hjt
80956;;https://resources.chainbox.io/4/sec/public/pim/0354cbe3-9e50-45db-83ad-662af96ac431/rfdb4_1-575x0_default.png;RF RFDB4 4 AWG batteri terminal -/+;Rockford Fosgate RFDB4 / Positive/Negative Batteriterminal / 2 x 20 mm² Output;219;ICE-RF-mon
